Distance,Speed,Throttle,Brake,DRS,RPM,nGear,Distance.1,Source,Time,SessionTime
9.753333333333334,231,100,False,0,10857,6,9.753333333333334,car,0 days 00:00:00.152000,0 days 01:33:50.630000
25.620000000000005,238,100,False,0,11156,6,25.620000000000005,car,0 days 00:00:00.392000,0 days 01:33:50.870000
41.75333333333333,242,100,False,0,11383,6,41.75333333333333,car,0 days 00:00:00.632000,0 days 01:33:51.110000
55.48833333333333,246,100,False,0,11558,6,55.48833333333333,car,0 days 00:00:00.833000,0 days 01:33:51.311000
72.155,250,100,False,0,11761,6,72.155,car,0 days 00:00:01.073000,0 days 01:33:51.551000
89.02166666666666,253,100,False,0,10855,6,89.02166666666666,car,0 days 00:00:01.313000,0 days 01:33:51.791000
106.15,258,100,False,0,10513,7,106.15,car,0 days 00:00:01.552000,0 days 01:33:52.030000
123.61666666666666,262,100,False,0,10713,7,123.61666666666666,car,0 days 00:00:01.792000,0 days 01:33:52.270000
141.28333333333333,265,100,False,0,10830,7,141.28333333333333,car,0 days 00:00:02.032000,0 days 01:33:52.510000
156.17222222222225,268,100,False,0,10904,7,156.17222222222225,car,0 days 00:00:02.232000,0 days 01:33:52.710000
174.17222222222222,270,100,False,0,11022,7,174.17222222222222,car,0 days 00:00:02.472000,0 days 01:33:52.950000
192.3055555555556,272,100,False,0,11040,7,192.3055555555556,car,0 days 00:00:02.712000,0 days 01:33:53.190000
213.61666666666667,274,100,False,0,11155,7,213.61666666666667,car,0 days 00:00:02.992000,0 days 01:33:53.470000
231.95,275,100,False,0,11207,7,231.95,car,0 days 00:00:03.232000,0 days 01:33:53.710000
250.2733333333333,276,100,False,0,11205,7,250.2733333333333,car,0 days 00:00:03.471000,0 days 01:33:53.949000
265.6275,275,100,False,0,11194,7,265.6275,car,0 days 00:00:03.672000,0 days 01:33:54.150000
283.96083333333337,275,100,False,0,11196,7,283.96083333333337,car,0 days 00:00:03.912000,0 days 01:33:54.390000
301.56083333333333,264,19,True,0,10423,7,301.56083333333333,car,0 days 00:00:04.152000,0 days 01:33:54.630000
316.56083333333333,225,2,True,0,9999,7,316.56083333333333,car,0 days 00:00:04.392000,0 days 01:33:54.870000
330.2275,205,0,True,0,9579,7,330.2275,car,0 days 00:00:04.632000,0 days 01:33:55.110000
343.0275,192,0,True,0,10026,7,343.0275,car,0 days 00:00:04.872000,0 days 01:33:55.350000
354.87666666666667,177,0,True,0,9789,5,354.87666666666667,car,0 days 00:00:05.113000,0 days 01:33:55.591000
366.03,168,0,True,0,10121,4,366.03,car,0 days 00:00:05.352000,0 days 01:33:55.830000
376.69666666666666,160,0,True,0,9652,4,376.69666666666666,car,0 days 00:00:05.592000,0 days 01:33:56.070000
387.03,155,3,False,0,9417,4,387.03,car,0 days 00:00:05.832000,0 days 01:33:56.310000
397.1633333333333,152,27,False,0,9222,4,397.1633333333333,car,0 days 00:00:06.072000,0 days 01:33:56.550000
407.1633333333333,150,58,False,0,9700,4,407.1633333333333,car,0 days 00:00:06.312000,0 days 01:33:56.790000
415.7058333333333,153,73,False,0,9856,4,415.7058333333333,car,0 days 00:00:06.513000,0 days 01:33:56.991000
426.1725,157,82,False,0,10124,4,426.1725,car,0 days 00:00:06.753000,0 days 01:33:57.231000
437.19305555555553,166,89,False,0,10656,4,437.19305555555553,car,0 days 00:00:06.992000,0 days 01:33:57.470000
448.4597222222222,169,100,False,0,11122,4,448.4597222222222,car,0 days 00:00:07.232000,0 days 01:33:57.710000
460.5263888888889,181,100,False,0,11513,4,460.5263888888889,car,0 days 00:00:07.472000,0 days 01:33:57.950000
473.3930555555555,193,100,False,0,12057,4,473.3930555555555,car,0 days 00:00:07.712000,0 days 01:33:58.190000
484.5038888888888,199,100,False,0,11077,4,484.5038888888888,car,0 days 00:00:07.913000,0 days 01:33:58.391000
498.1705555555555,205,100,False,0,11164,5,498.1705555555555,car,0 days 00:00:08.153000,0 days 01:33:58.631000
512.4372222222222,214,100,False,0,11603,5,512.4372222222222,car,0 days 00:00:08.393000,0 days 01:33:58.871000
526.9763888888888,219,100,False,0,11921,5,526.9763888888888,car,0 days 00:00:08.632000,0 days 01:33:59.110000
541.8475,224,100,False,0,12183,5,541.8475,car,0 days 00:00:08.871000,0 days 01:33:59.349000
554.5216666666666,227,100,False,0,12183,5,554.5216666666666,car,0 days 00:00:09.072000,0 days 01:33:59.550000
570.1883333333333,235,100,False,0,11203,6,570.1883333333333,car,0 days 00:00:09.312000,0 days 01:33:59.790000
586.055,238,97,False,0,11193,6,586.055,car,0 days 00:00:09.552000,0 days 01:34:00.030000
602.1216666666666,241,89,False,0,11435,6,602.1216666666666,car,0 days 00:00:09.792000,0 days 01:34:00.270000
618.2549999999999,242,84,False,0,11404,6,618.2549999999999,car,0 days 00:00:10.032000,0 days 01:34:00.510000
634.321111111111,242,83,False,0,11396,6,634.321111111111,car,0 days 00:00:10.271000,0 days 01:34:00.749000
647.7769444444443,241,83,False,0,11452,6,647.7769444444443,car,0 days 00:00:10.472000,0 days 01:34:00.950000
663.9102777777777,242,88,False,0,11475,6,663.9102777777777,car,0 days 00:00:10.712000,0 days 01:34:01.190000
680.1769444444442,244,100,False,0,11631,6,680.1769444444442,car,0 days 00:00:10.952000,0 days 01:34:01.430000
696.7102777777775,248,100,False,0,11694,6,696.7102777777775,car,0 days 00:00:11.192000,0 days 01:34:01.670000
713.3769444444441,250,100,False,0,12136,6,713.3769444444441,car,0 days 00:00:11.432000,0 days 01:34:01.910000
730.3102777777775,254,100,False,0,12026,6,730.3102777777775,car,0 days 00:00:11.672000,0 days 01:34:02.150000
747.5102777777776,258,100,False,0,10525,7,747.5102777777776,car,0 days 00:00:11.912000,0 days 01:34:02.390000
764.7102777777776,258,92,False,0,10651,7,764.7102777777776,car,0 days 00:00:12.152000,0 days 01:34:02.630000
781.9769444444443,259,91,False,0,10627,7,781.9769444444443,car,0 days 00:00:12.392000,0 days 01:34:02.870000
799.2436111111109,259,90,False,0,10610,7,799.2436111111109,car,0 days 00:00:12.632000,0 days 01:34:03.110000
816.5769444444443,260,88,False,0,10616,7,816.5769444444443,car,0 days 00:00:12.872000,0 days 01:34:03.350000
833.8436111111108,259,87,False,0,10587,7,833.8436111111108,car,0 days 00:00:13.112000,0 days 01:34:03.590000
848.3044444444442,259,89,False,0,10653,7,848.3044444444442,car,0 days 00:00:13.313000,0 days 01:34:03.791000
865.6377777777776,260,98,False,0,10720,7,865.6377777777776,car,0 days 00:00:13.553000,0 days 01:34:04.031000
882.9652777777777,261,100,False,0,10766,7,882.9652777777777,car,0 days 00:00:13.792000,0 days 01:34:04.270000
900.4986111111109,263,100,False,0,10802,7,900.4986111111109,car,0 days 00:00:14.032000,0 days 01:34:04.510000
918.1652777777776,265,100,False,0,10862,7,918.1652777777776,car,0 days 00:00:14.272000,0 days 01:34:04.750000
933.0169444444442,266,100,False,0,10929,7,933.0169444444442,car,0 days 00:00:14.473000,0 days 01:34:04.951000
950.8169444444444,267,100,False,0,10982,7,950.8169444444444,car,0 days 00:00:14.713000,0 days 01:34:05.191000
968.8169444444444,270,100,False,0,11021,7,968.8169444444444,car,0 days 00:00:14.953000,0 days 01:34:05.431000
987.0836111111108,274,100,False,0,11017,7,987.0836111111108,car,0 days 00:00:15.193000,0 days 01:34:05.671000
1008.4724999999996,275,100,False,0,11212,7,1008.4724999999996,car,0 days 00:00:15.473000,0 days 01:34:05.951000
1026.7191666666663,276,100,False,0,11254,7,1026.7191666666663,car,0 days 00:00:15.711000,0 days 01:34:06.189000
1045.185833333333,277,100,False,0,11267,7,1045.185833333333,car,0 days 00:00:15.951000,0 days 01:34:06.429000
1060.6516666666664,277,100,False,0,11280,7,1060.6516666666664,car,0 days 00:00:16.152000,0 days 01:34:06.630000
1079.1849999999995,278,100,False,0,11341,7,1079.1849999999995,car,0 days 00:00:16.392000,0 days 01:34:06.870000
1097.785,279,100,False,0,11322,7,1097.785,car,0 days 00:00:16.632000,0 days 01:34:07.110000
1116.3849999999998,279,100,False,0,11342,7,1116.3849999999998,car,0 days 00:00:16.872000,0 days 01:34:07.350000
1135.0516666666665,280,100,False,0,11388,7,1135.0516666666665,car,0 days 00:00:17.112000,0 days 01:34:07.590000
1153.5741666666663,279,100,False,0,11399,7,1153.5741666666663,car,0 days 00:00:17.351000,0 days 01:34:07.829000
1169.2074999999995,280,100,False,0,11392,7,1169.2074999999995,car,0 days 00:00:17.552000,0 days 01:34:08.030000
1187.8741666666665,280,100,False,0,11400,7,1187.8741666666665,car,0 days 00:00:17.792000,0 days 01:34:08.270000
1206.5408333333328,280,100,False,0,11398,7,1206.5408333333328,car,0 days 00:00:18.032000,0 days 01:34:08.510000
1225.2074999999995,280,100,False,0,11413,7,1225.2074999999995,car,0 days 00:00:18.272000,0 days 01:34:08.750000
1243.8074999999994,279,100,False,0,11299,7,1243.8074999999994,car,0 days 00:00:18.512000,0 days 01:34:08.990000
1262.340833333333,278,100,False,0,11296,7,1262.340833333333,car,0 days 00:00:18.752000,0 days 01:34:09.230000
1280.9513888888885,278,100,False,0,11244,7,1280.9513888888885,car,0 days 00:00:18.993000,0 days 01:34:09.471000
1299.208333333333,275,65,True,0,11138,7,1299.208333333333,car,0 days 00:00:19.232000,0 days 01:34:09.710000
1316.2749999999996,256,5,True,0,10288,7,1316.2749999999996,car,0 days 00:00:19.472000,0 days 01:34:09.950000
1330.808333333333,218,0,True,0,9308,7,1330.808333333333,car,0 days 00:00:19.712000,0 days 01:34:10.190000
1343.8749999999998,196,0,True,0,8508,7,1343.8749999999998,car,0 days 00:00:19.952000,0 days 01:34:10.430000
1354.2599999999998,186,0,True,0,8510,6,1354.2599999999998,car,0 days 00:00:20.153000,0 days 01:34:10.631000
1364.6599999999996,156,0,True,0,8595,6,1364.6599999999996,car,0 days 00:00:20.393000,0 days 01:34:10.871000
1374.6599999999996,150,0,True,0,8815,5,1374.6599999999996,car,0 days 00:00:20.633000,0 days 01:34:11.111000
1383.8216666666665,138,0,True,0,9272,4,1383.8216666666665,car,0 days 00:00:20.872000,0 days 01:34:11.350000
1392.2216666666664,126,0,True,0,8534,3,1392.2216666666664,car,0 days 00:00:21.112000,0 days 01:34:11.590000
1400.1549999999995,119,0,True,0,8085,3,1400.1549999999995,car,0 days 00:00:21.352000,0 days 01:34:11.830000
1406.5199999999998,114,0,True,0,7684,3,1406.5199999999998,car,0 days 00:00:21.553000,0 days 01:34:12.031000
1413.6533333333332,107,0,False,0,7347,3,1413.6533333333332,car,0 days 00:00:21.793000,0 days 01:34:12.271000
1420.6533333333332,105,0,False,0,7154,3,1420.6533333333332,car,0 days 00:00:22.033000,0 days 01:34:12.511000
1427.4913888888889,103,12,False,0,7500,3,1427.4913888888889,car,0 days 00:00:22.272000,0 days 01:34:12.750000
1434.1302777777778,100,35,False,0,7344,3,1434.1302777777778,car,0 days 00:00:22.511000,0 days 01:34:12.989000
1440.9969444444444,103,46,False,0,7571,3,1440.9969444444444,car,0 days 00:00:22.751000,0 days 01:34:13.229000
1446.9152777777776,106,53,False,0,7936,3,1446.9152777777776,car,0 days 00:00:22.952000,0 days 01:34:13.430000
1454.448611111111,113,53,False,0,8076,3,1454.448611111111,car,0 days 00:00:23.192000,0 days 01:34:13.670000
1462.3819444444443,119,70,False,0,8902,3,1462.3819444444443,car,0 days 00:00:23.432000,0 days 01:34:13.910000
1470.7152777777776,125,77,False,0,9352,3,1470.7152777777776,car,0 days 00:00:23.672000,0 days 01:34:14.150000
1479.848611111111,137,84,False,0,10293,3,1479.848611111111,car,0 days 00:00:23.912000,0 days 01:34:14.390000
1489.5413888888886,146,90,False,0,10885,3,1489.5413888888886,car,0 days 00:00:24.151000,0 days 01:34:14.629000
1498.1955555555553,155,99,False,0,11493,3,1498.1955555555553,car,0 days 00:00:24.352000,0 days 01:34:14.830000
1509.462222222222,169,100,False,0,11823,3,1509.462222222222,car,0 days 00:00:24.592000,0 days 01:34:15.070000
1521.262222222222,177,100,False,0,11365,4,1521.262222222222,car,0 days 00:00:24.832000,0 days 01:34:15.310000
1533.5955555555554,185,100,False,0,11667,4,1533.5955555555554,car,0 days 00:00:25.072000,0 days 01:34:15.550000
1544.3713888888888,193,100,False,0,12034,4,1544.3713888888888,car,0 days 00:00:25.273000,0 days 01:34:15.751000
1557.8483333333331,203,100,False,0,11123,5,1557.8483333333331,car,0 days 00:00:25.512000,0 days 01:34:15.990000
1571.6483333333333,207,100,False,0,11478,5,1571.6483333333333,car,0 days 00:00:25.752000,0 days 01:34:16.230000
1586.1816666666666,218,100,False,0,11753,5,1586.1816666666666,car,0 days 00:00:25.992000,0 days 01:34:16.470000
1601.115,224,100,False,0,12115,5,1601.115,car,0 days 00:00:26.232000,0 days 01:34:16.710000
1616.3149999999998,228,100,False,0,10715,6,1616.3149999999998,car,0 days 00:00:26.472000,0 days 01:34:16.950000
1629.3241666666663,233,100,False,0,10997,6,1629.3241666666663,car,0 days 00:00:26.673000,0 days 01:34:17.151000
1647.9908333333333,240,100,False,0,11080,6,1647.9908333333333,car,0 days 00:00:26.953000,0 days 01:34:17.431000
1664.3241666666663,245,100,False,0,11586,6,1664.3241666666663,car,0 days 00:00:27.193000,0 days 01:34:17.671000
1680.924166666667,249,100,False,0,11719,6,1680.924166666667,car,0 days 00:00:27.433000,0 days 01:34:17.911000
1697.6541666666665,252,100,False,0,11895,6,1697.6541666666665,car,0 days 00:00:27.672000,0 days 01:34:18.150000
1714.7875,257,100,False,0,10486,7,1714.7875,car,0 days 00:00:27.912000,0 days 01:34:18.390000
1732.1208333333332,260,100,False,0,10613,7,1732.1208333333332,car,0 days 00:00:28.152000,0 days 01:34:18.630000
1746.8049999999998,263,100,False,0,10765,7,1746.8049999999998,car,0 days 00:00:28.353000,0 days 01:34:18.831000
1764.605,267,100,False,0,10914,7,1764.605,car,0 days 00:00:28.593000,0 days 01:34:19.071000
1782.5383333333332,269,100,False,0,10939,7,1782.5383333333332,car,0 days 00:00:28.833000,0 days 01:34:19.311000
1800.529722222222,271,100,False,0,11130,7,1800.529722222222,car,0 days 00:00:29.072000,0 days 01:34:19.550000
1818.7866666666664,275,100,False,0,11258,7,1818.7866666666664,car,0 days 00:00:29.311000,0 days 01:34:19.789000
1834.3083333333327,278,100,False,0,11322,7,1834.3083333333327,car,0 days 00:00:29.512000,0 days 01:34:19.990000
1856.086111111111,280,100,False,0,11439,7,1856.086111111111,car,0 days 00:00:29.792000,0 days 01:34:20.270000
1874.7527777777773,280,100,False,0,11439,7,1874.7527777777773,car,0 days 00:00:30.032000,0 days 01:34:20.510000
1893.6194444444443,283,100,False,0,11573,7,1893.6194444444443,car,0 days 00:00:30.272000,0 days 01:34:20.750000
1912.686111111111,286,100,False,0,11658,7,1912.686111111111,car,0 days 00:00:30.512000,0 days 01:34:20.990000
1935.086111111111,288,100,False,0,11724,7,1935.086111111111,car,0 days 00:00:30.792000,0 days 01:34:21.270000
1954.4194444444445,290,100,False,0,11764,7,1954.4194444444445,car,0 days 00:00:31.032000,0 days 01:34:21.510000
1973.8194444444443,291,100,False,0,10506,8,1973.8194444444443,car,0 days 00:00:31.272000,0 days 01:34:21.750000
1993.4341666666664,293,100,False,0,10550,8,1993.4341666666664,car,0 days 00:00:31.513000,0 days 01:34:21.991000
2013.0188888888888,295,100,False,0,10600,8,2013.0188888888888,car,0 days 00:00:31.752000,0 days 01:34:22.230000
2032.752222222222,296,100,False,0,10661,8,2032.752222222222,car,0 days 00:00:31.992000,0 days 01:34:22.470000
2052.5522222222216,297,100,False,0,10668,8,2052.5522222222216,car,0 days 00:00:32.232000,0 days 01:34:22.710000
2072.4188888888884,298,100,False,0,10734,8,2072.4188888888884,car,0 days 00:00:32.472000,0 days 01:34:22.950000
2092.285555555555,298,100,False,0,10768,8,2092.285555555555,car,0 days 00:00:32.712000,0 days 01:34:23.190000
2108.979722222222,299,100,False,0,10767,8,2108.979722222222,car,0 days 00:00:32.913000,0 days 01:34:23.391000
2128.9797222222214,300,100,False,0,10787,8,2128.9797222222214,car,0 days 00:00:33.153000,0 days 01:34:23.631000
2148.9627777777773,301,100,False,0,10833,8,2148.9627777777773,car,0 days 00:00:33.392000,0 days 01:34:23.870000
2169.096111111111,302,100,False,0,10866,8,2169.096111111111,car,0 days 00:00:33.632000,0 days 01:34:24.110000
2189.229444444444,302,100,False,0,10903,8,2189.229444444444,car,0 days 00:00:33.872000,0 days 01:34:24.350000
2209.3627777777774,302,100,False,0,10875,8,2209.3627777777774,car,0 days 00:00:34.112000,0 days 01:34:24.590000
2229.513055555555,301,100,False,0,10842,8,2229.513055555555,car,0 days 00:00:34.353000,0 days 01:34:24.831000
2249.579722222222,301,100,False,0,10829,8,2249.579722222222,car,0 days 00:00:34.593000,0 days 01:34:25.071000
2269.579722222222,300,100,False,0,10822,8,2269.579722222222,car,0 days 00:00:34.833000,0 days 01:34:25.311000
2289.5797222222213,300,100,False,0,10804,8,2289.5797222222213,car,0 days 00:00:35.073000,0 days 01:34:25.551000
2309.4299999999994,299,100,False,0,10781,8,2309.4299999999994,car,0 days 00:00:35.312000,0 days 01:34:25.790000
2329.3633333333323,299,100,False,0,10715,8,2329.3633333333323,car,0 days 00:00:35.552000,0 days 01:34:26.030000
2345.918888888888,298,100,False,0,10706,8,2345.918888888888,car,0 days 00:00:35.752000,0 days 01:34:26.230000
2365.7855555555548,298,100,False,0,10682,8,2365.7855555555548,car,0 days 00:00:35.992000,0 days 01:34:26.470000
2385.652222222221,298,100,False,0,10702,8,2385.652222222221,car,0 days 00:00:36.232000,0 days 01:34:26.710000
2405.4522222222213,297,100,False,0,10714,8,2405.4522222222213,car,0 days 00:00:36.472000,0 days 01:34:26.950000
2425.252222222221,297,100,False,0,10647,8,2425.252222222221,car,0 days 00:00:36.712000,0 days 01:34:27.190000
2444.9033333333323,296,100,False,0,10668,8,2444.9033333333323,car,0 days 00:00:36.951000,0 days 01:34:27.429000
2461.429999999999,296,100,False,0,10591,8,2461.429999999999,car,0 days 00:00:37.152000,0 days 01:34:27.630000
2481.03,294,92,False,0,10509,8,2481.03,car,0 days 00:00:37.392000,0 days 01:34:27.870000
2503.1188888888883,284,1,True,0,10069,8,2503.1188888888883,car,0 days 00:00:37.672000,0 days 01:34:28.150000
2519.718888888888,249,0,True,0,8957,8,2519.718888888888,car,0 days 00:00:37.912000,0 days 01:34:28.390000
2534.518888888888,222,0,True,0,7746,8,2534.518888888888,car,0 days 00:00:38.152000,0 days 01:34:28.630000
2547.118888888888,189,0,True,0,7468,8,2547.118888888888,car,0 days 00:00:38.392000,0 days 01:34:28.870000
2556.6105555555546,170,0,True,0,7608,7,2556.6105555555546,car,0 days 00:00:38.593000,0 days 01:34:29.071000
2566.701666666665,152,0,True,0,7774,6,2566.701666666665,car,0 days 00:00:38.832000,0 days 01:34:29.310000
2575.8349999999987,137,0,True,0,8309,6,2575.8349999999987,car,0 days 00:00:39.072000,0 days 01:34:29.550000
2583.701666666665,118,0,True,0,8121,6,2583.701666666665,car,0 days 00:00:39.312000,0 days 01:34:29.790000
2590.768333333332,106,0,True,0,8655,6,2590.768333333332,car,0 days 00:00:39.552000,0 days 01:34:30.030000
2597.168333333332,96,0,True,0,8014,4,2597.168333333332,car,0 days 00:00:39.792000,0 days 01:34:30.270000
2602.193333333332,90,0,True,0,7300,2,2602.193333333332,car,0 days 00:00:39.993000,0 days 01:34:30.471000
2607.8599999999988,85,0,True,0,6896,2,2607.8599999999988,car,0 days 00:00:40.233000,0 days 01:34:30.711000
2613.237499999999,81,0,True,0,6500,2,2613.237499999999,car,0 days 00:00:40.472000,0 days 01:34:30.950000
2618.3041666666654,76,0,False,0,6020,2,2618.3041666666654,car,0 days 00:00:40.712000,0 days 01:34:31.190000
2623.3041666666654,75,9,False,0,6211,2,2623.3041666666654,car,0 days 00:00:40.952000,0 days 01:34:31.430000
2627.2124999999987,70,20,False,0,6341,2,2627.2124999999987,car,0 days 00:00:41.153000,0 days 01:34:31.631000
2632.079166666665,73,30,False,0,6735,2,2632.079166666665,car,0 days 00:00:41.393000,0 days 01:34:31.871000
2637.990277777777,76,40,False,0,7116,2,2637.990277777777,car,0 days 00:00:41.673000,0 days 01:34:32.151000
2643.52361111111,83,49,False,0,7352,2,2643.52361111111,car,0 days 00:00:41.913000,0 days 01:34:32.391000
2649.2569444444434,86,61,False,0,8053,2,2649.2569444444434,car,0 days 00:00:42.153000,0 days 01:34:32.631000
2655.934166666665,101,60,False,0,8574,2,2655.934166666665,car,0 days 00:00:42.391000,0 days 01:34:32.869000
2662.6674999999987,101,35,False,0,7262,3,2662.6674999999987,car,0 days 00:00:42.631000,0 days 01:34:33.109000
2668.194999999999,99,13,False,0,7116,3,2668.194999999999,car,0 days 00:00:42.832000,0 days 01:34:33.310000
2674.728333333332,98,17,False,0,7199,3,2674.728333333332,car,0 days 00:00:43.072000,0 days 01:34:33.550000
2681.128333333332,96,22,False,0,7540,3,2681.128333333332,car,0 days 00:00:43.312000,0 days 01:34:33.790000
2687.528333333332,96,31,False,0,7144,3,2687.528333333332,car,0 days 00:00:43.552000,0 days 01:34:34.030000
2694.3949999999986,103,48,False,0,7723,3,2694.3949999999986,car,0 days 00:00:43.792000,0 days 01:34:34.270000
2701.461666666665,106,53,False,0,7811,3,2701.461666666665,car,0 days 00:00:44.032000,0 days 01:34:34.510000
2708.661666666665,108,62,False,0,8051,3,2708.661666666665,car,0 days 00:00:44.272000,0 days 01:34:34.750000
2716.728333333332,121,71,False,0,9198,3,2716.728333333332,car,0 days 00:00:44.512000,0 days 01:34:34.990000
2725.3949999999986,130,84,False,0,9515,3,2725.3949999999986,car,0 days 00:00:44.752000,0 days 01:34:35.230000
2734.9949999999985,144,91,False,0,10355,3,2734.9949999999985,car,0 days 00:00:44.992000,0 days 01:34:35.470000
2745.261666666665,154,98,False,0,11367,3,2745.261666666665,car,0 days 00:00:45.232000,0 days 01:34:35.710000
2756.1949999999983,164,100,False,0,11905,3,2756.1949999999983,car,0 days 00:00:45.472000,0 days 01:34:35.950000
2765.798333333332,172,100,False,0,10883,3,2765.798333333332,car,0 days 00:00:45.673000,0 days 01:34:36.151000
2778.0802777777767,185,100,False,0,11626,4,2778.0802777777767,car,0 days 00:00:45.912000,0 days 01:34:36.390000
2790.613611111109,188,100,False,0,11293,4,2790.613611111109,car,0 days 00:00:46.152000,0 days 01:34:36.630000
2804.146944444443,203,100,False,0,11105,5,2804.146944444443,car,0 days 00:00:46.392000,0 days 01:34:36.870000
2818.146944444443,210,100,False,0,11456,5,2818.146944444443,car,0 days 00:00:46.632000,0 days 01:34:37.110000
2832.5469444444425,216,100,False,0,11767,5,2832.5469444444425,car,0 days 00:00:46.872000,0 days 01:34:37.350000
2844.886111111109,221,100,False,0,11972,5,2844.886111111109,car,0 days 00:00:47.073000,0 days 01:34:37.551000
2860.152777777776,229,100,False,0,10722,6,2860.152777777776,car,0 days 00:00:47.313000,0 days 01:34:37.791000
2875.687777777776,234,100,False,0,11040,6,2875.687777777776,car,0 days 00:00:47.552000,0 days 01:34:38.030000
2891.687777777776,240,100,False,0,11308,6,2891.687777777776,car,0 days 00:00:47.792000,0 days 01:34:38.270000
2907.9544444444427,244,100,False,0,11490,6,2907.9544444444427,car,0 days 00:00:48.032000,0 days 01:34:38.510000
2921.801111111109,248,100,False,0,11682,6,2921.801111111109,car,0 days 00:00:48.233000,0 days 01:34:38.711000
2938.4677777777765,250,100,False,0,10982,6,2938.4677777777765,car,0 days 00:00:48.473000,0 days 01:34:38.951000
2955.5344444444427,256,100,False,0,10476,7,2955.5344444444427,car,0 days 00:00:48.713000,0 days 01:34:39.191000
2972.6011111111093,256,100,False,0,10527,7,2972.6011111111093,car,0 days 00:00:48.953000,0 days 01:34:39.431000
2990.0544444444427,264,100,False,0,10779,7,2990.0544444444427,car,0 days 00:00:49.191000,0 days 01:34:39.669000
3004.9061111111096,266,100,False,0,10901,7,3004.9061111111096,car,0 days 00:00:49.392000,0 days 01:34:39.870000
3025.828333333332,269,100,False,0,10984,7,3025.828333333332,car,0 days 00:00:49.672000,0 days 01:34:40.150000
3043.9616666666657,272,100,False,0,11153,7,3043.9616666666657,car,0 days 00:00:49.912000,0 days 01:34:40.390000
3062.3616666666653,276,100,False,0,11241,7,3062.3616666666653,car,0 days 00:00:50.152000,0 days 01:34:40.630000
3080.9616666666657,279,100,False,0,11322,7,3080.9616666666657,car,0 days 00:00:50.392000,0 days 01:34:40.870000
3099.695,281,100,False,0,11463,7,3099.695,car,0 days 00:00:50.632000,0 days 01:34:41.110000
3118.5616666666656,283,100,False,0,11553,7,3118.5616666666656,car,0 days 00:00:50.872000,0 days 01:34:41.350000
3137.494999999999,284,100,False,0,11587,7,3137.494999999999,car,0 days 00:00:51.112000,0 days 01:34:41.590000
3156.6283333333326,287,100,False,0,11696,7,3156.6283333333326,car,0 days 00:00:51.352000,0 days 01:34:41.830000
3175.8949999999995,289,100,False,0,11751,7,3175.8949999999995,car,0 days 00:00:51.592000,0 days 01:34:42.070000
3195.294999999999,291,100,False,0,10489,8,3195.294999999999,car,0 days 00:00:51.832000,0 days 01:34:42.310000
3214.761666666666,292,100,False,0,10507,8,3214.761666666666,car,0 days 00:00:52.072000,0 days 01:34:42.550000
3234.294999999999,293,100,False,0,10554,8,3234.294999999999,car,0 days 00:00:52.312000,0 days 01:34:42.790000
3250.654166666666,293,100,False,0,10527,8,3250.654166666666,car,0 days 00:00:52.513000,0 days 01:34:42.991000
3270.254166666665,294,100,False,0,10560,8,3270.254166666665,car,0 days 00:00:52.753000,0 days 01:34:43.231000
3289.772499999999,294,100,False,0,10542,8,3289.772499999999,car,0 days 00:00:52.992000,0 days 01:34:43.470000
3309.3724999999995,294,100,False,0,10548,8,3309.3724999999995,car,0 days 00:00:53.232000,0 days 01:34:43.710000
3328.972499999999,294,100,False,0,10568,8,3328.972499999999,car,0 days 00:00:53.472000,0 days 01:34:43.950000
3348.5725,294,100,False,0,10605,8,3348.5725,car,0 days 00:00:53.712000,0 days 01:34:44.190000
3364.9875,294,100,False,0,10588,8,3364.9875,car,0 days 00:00:53.913000,0 days 01:34:44.391000
3384.5875,294,100,False,0,10586,8,3384.5875,car,0 days 00:00:54.153000,0 days 01:34:44.631000
3404.187499999999,294,100,False,0,10600,8,3404.187499999999,car,0 days 00:00:54.393000,0 days 01:34:44.871000
3423.705833333333,294,100,False,0,10571,8,3423.705833333333,car,0 days 00:00:54.632000,0 days 01:34:45.110000
3443.3058333333324,294,100,False,0,10574,8,3443.3058333333324,car,0 days 00:00:54.872000,0 days 01:34:45.350000
3459.7208333333324,294,100,False,0,10561,8,3459.7208333333324,car,0 days 00:00:55.073000,0 days 01:34:45.551000
3479.2541666666657,293,100,False,0,10594,8,3479.2541666666657,car,0 days 00:00:55.313000,0 days 01:34:45.791000
3498.854166666666,294,98,False,0,10575,8,3498.854166666666,car,0 days 00:00:55.553000,0 days 01:34:46.031000
3518.1733333333327,291,87,False,0,10391,8,3518.1733333333327,car,0 days 00:00:55.792000,0 days 01:34:46.270000
3536.773333333333,279,0,True,0,10098,8,3536.773333333333,car,0 days 00:00:56.032000,0 days 01:34:46.510000
3553.901666666666,258,0,True,0,9452,8,3553.901666666666,car,0 days 00:00:56.271000,0 days 01:34:46.749000
3567.3016666666663,240,0,True,0,8752,8,3567.3016666666663,car,0 days 00:00:56.472000,0 days 01:34:46.950000
3581.901666666666,219,0,True,0,8777,7,3581.901666666666,car,0 days 00:00:56.712000,0 days 01:34:47.190000
3595.835,209,0,True,0,9782,7,3595.835,car,0 days 00:00:56.952000,0 days 01:34:47.430000
3608.901666666666,196,0,True,0,9245,6,3608.901666666666,car,0 days 00:00:57.192000,0 days 01:34:47.670000
3621.501666666666,189,0,True,0,8814,6,3621.501666666666,car,0 days 00:00:57.432000,0 days 01:34:47.910000
3633.7016666666655,183,0,True,0,9718,6,3633.7016666666655,car,0 days 00:00:57.672000,0 days 01:34:48.150000
3645.416944444444,175,0,False,0,9248,5,3645.416944444444,car,0 days 00:00:57.913000,0 days 01:34:48.391000
3656.902222222222,173,12,False,0,9026,5,3656.902222222222,car,0 days 00:00:58.152000,0 days 01:34:48.630000
3667.8355555555554,164,25,False,0,8830,5,3667.8355555555554,car,0 days 00:00:58.392000,0 days 01:34:48.870000
3678.635555555556,162,38,False,0,8816,5,3678.635555555556,car,0 days 00:00:58.632000,0 days 01:34:49.110000
3689.435555555556,162,61,False,0,8938,5,3689.435555555556,car,0 days 00:00:58.872000,0 days 01:34:49.350000
3700.4355555555553,165,68,False,0,9148,5,3700.4355555555553,car,0 days 00:00:59.112000,0 days 01:34:49.590000
3709.759722222222,167,71,False,0,9145,5,3709.759722222222,car,0 days 00:00:59.313000,0 days 01:34:49.791000
3721.026388888889,169,77,False,0,9379,5,3721.026388888889,car,0 days 00:00:59.553000,0 days 01:34:50.031000
3732.5116666666654,173,79,False,0,9568,5,3732.5116666666654,car,0 days 00:00:59.792000,0 days 01:34:50.270000
3744.3783333333336,178,80,False,0,9734,5,3744.3783333333336,car,0 days 00:01:00.032000,0 days 01:34:50.510000
3756.445,181,83,False,0,10091,5,3756.445,car,0 days 00:01:00.272000,0 days 01:34:50.750000
3766.83,186,82,False,0,10142,5,3766.83,car,0 days 00:01:00.473000,0 days 01:34:50.951000
3781.763333333334,192,88,False,0,10583,5,3781.763333333334,car,0 days 00:01:00.753000,0 days 01:34:51.231000
3795.03,199,90,False,0,10954,5,3795.03,car,0 days 00:01:00.993000,0 days 01:34:51.471000
3808.63,204,99,False,0,11236,5,3808.63,car,0 days 00:01:01.233000,0 days 01:34:51.711000
3822.63,210,100,False,0,11473,5,3822.63,car,0 days 00:01:01.473000,0 days 01:34:51.951000
3837.0363888888887,217,100,False,0,11746,5,3837.0363888888887,car,0 days 00:01:01.712000,0 days 01:34:52.190000
3851.7697222222223,221,100,False,0,11407,5,3851.7697222222223,car,0 days 00:01:01.952000,0 days 01:34:52.430000
3864.3322222222223,225,100,False,0,10706,6,3864.3322222222223,car,0 days 00:01:02.153000,0 days 01:34:52.631000
3879.798888888889,232,100,False,0,10983,6,3879.798888888889,car,0 days 00:01:02.393000,0 days 01:34:52.871000
3897.778888888889,232,100,False,0,11155,6,3897.778888888889,car,0 days 00:01:02.672000,0 days 01:34:53.150000
3913.978888888889,243,100,False,0,11384,6,3913.978888888889,car,0 days 00:01:02.912000,0 days 01:34:53.390000
3930.445555555555,247,100,False,0,11515,6,3930.445555555555,car,0 days 00:01:03.152000,0 days 01:34:53.630000
3947.1788888888887,251,100,False,0,11809,6,3947.1788888888887,car,0 days 00:01:03.392000,0 days 01:34:53.870000
3963.978888888889,252,100,False,0,11810,6,3963.978888888889,car,0 days 00:01:03.632000,0 days 01:34:54.110000
3980.912222222222,254,100,False,0,11110,7,3980.912222222222,car,0 days 00:01:03.872000,0 days 01:34:54.350000
3997.978888888889,256,100,False,0,10478,7,3997.978888888889,car,0 days 00:01:04.112000,0 days 01:34:54.590000
4015.1788888888887,258,100,False,0,10545,7,4015.1788888888887,car,0 days 00:01:04.352000,0 days 01:34:54.830000
4032.578888888888,261,100,False,0,10656,7,4032.578888888888,car,0 days 00:01:04.592000,0 days 01:34:55.070000
4050.045555555555,262,100,False,0,10661,7,4050.045555555555,car,0 days 00:01:04.832000,0 days 01:34:55.310000
4067.578888888888,263,100,False,0,10704,7,4067.578888888888,car,0 days 00:01:05.072000,0 days 01:34:55.550000
4082.263055555556,263,100,False,0,10765,7,4082.263055555556,car,0 days 00:01:05.273000,0 days 01:34:55.751000
4099.789722222222,264,100,False,0,10817,7,4099.789722222222,car,0 days 00:01:05.512000,0 days 01:34:55.990000
4117.523055555555,266,100,False,0,10862,7,4117.523055555555,car,0 days 00:01:05.752000,0 days 01:34:56.230000
4135.323055555555,267,100,False,0,10874,7,4135.323055555555,car,0 days 00:01:05.992000,0 days 01:34:56.470000
4153.056388888887,266,91,False,0,10832,7,4153.056388888887,car,0 days 00:01:06.232000,0 days 01:34:56.710000
4170.789722222221,266,69,False,0,10603,7,4170.789722222221,car,0 days 00:01:06.472000,0 days 01:34:56.950000
4185.36222222222,261,42,False,0,10446,7,4185.36222222222,car,0 days 00:01:06.673000,0 days 01:34:57.151000
4202.095555555554,251,12,True,0,9980,7,4202.095555555554,car,0 days 00:01:06.913000,0 days 01:34:57.391000
4218.42722222222,246,0,True,0,9632,7,4218.42722222222,car,0 days 00:01:07.152000,0 days 01:34:57.630000
4233.360555555554,224,0,True,0,9632,7,4233.360555555554,car,0 days 00:01:07.392000,0 days 01:34:57.870000
4246.293888888888,194,0,True,0,7952,7,4246.293888888888,car,0 days 00:01:07.632000,0 days 01:34:58.110000
4256.511388888887,183,0,True,0,7952,7,4256.511388888887,car,0 days 00:01:07.833000,0 days 01:34:58.311000
4267.044722222221,158,0,True,0,8265,7,4267.044722222221,car,0 days 00:01:08.073000,0 days 01:34:58.551000
4276.6447222222205,144,0,True,0,8703,5,4276.6447222222205,car,0 days 00:01:08.313000,0 days 01:34:58.791000
4286.24472222222,144,0,True,0,7630,4,4286.24472222222,car,0 days 00:01:08.553000,0 days 01:34:59.031000
4294.543333333331,125,0,True,0,7258,4,4294.543333333331,car,0 days 00:01:08.792000,0 days 01:34:59.270000
4303.675833333332,117,0,False,0,6817,4,4303.675833333332,car,0 days 00:01:09.073000,0 days 01:34:59.551000
4311.014166666665,111,0,False,0,6618,4,4311.014166666665,car,0 days 00:01:09.311000,0 days 01:34:59.789000
4317.211666666665,111,0,False,0,6662,4,4317.211666666665,car,0 days 00:01:09.512000,0 days 01:34:59.990000
4324.278333333332,106,29,False,0,6716,4,4324.278333333332,car,0 days 00:01:09.752000,0 days 01:35:00.230000
4331.344999999998,106,29,False,0,6716,4,4331.344999999998,car,0 days 00:01:09.992000,0 days 01:35:00.470000
4338.744999999998,111,49,False,0,7142,4,4338.744999999998,car,0 days 00:01:10.232000,0 days 01:35:00.710000
4346.411666666665,115,57,False,0,7375,4,4346.411666666665,car,0 days 00:01:10.472000,0 days 01:35:00.950000
4354.544999999998,122,61,False,0,7827,4,4354.544999999998,car,0 days 00:01:10.712000,0 days 01:35:01.190000
4362.944999999998,126,70,False,0,8072,4,4362.944999999998,car,0 days 00:01:10.952000,0 days 01:35:01.430000
4372.078333333332,137,76,False,0,8592,4,4372.078333333332,car,0 days 00:01:11.192000,0 days 01:35:01.670000
4381.411666666665,140,37,False,0,8744,4,4381.411666666665,car,0 days 00:01:11.432000,0 days 01:35:01.910000
4390.544999999999,137,20,False,0,8569,4,4390.544999999999,car,0 days 00:01:11.672000,0 days 01:35:02.150000
4399.478333333333,134,20,False,0,8303,4,4399.478333333333,car,0 days 00:01:11.912000,0 days 01:35:02.390000
4406.904166666665,133,38,False,0,8339,4,4406.904166666665,car,0 days 00:01:12.113000,0 days 01:35:02.591000
4415.837499999999,134,47,False,0,8514,4,4415.837499999999,car,0 days 00:01:12.353000,0 days 01:35:02.831000
4424.932777777776,137,51,False,0,8777,4,4424.932777777776,car,0 days 00:01:12.592000,0 days 01:35:03.070000
4434.199444444444,139,59,False,0,8854,4,4434.199444444444,car,0 days 00:01:12.832000,0 days 01:35:03.310000
4443.599444444443,141,65,False,0,9126,4,4443.599444444443,car,0 days 00:01:13.072000,0 days 01:35:03.550000
4453.399444444443,147,71,False,0,9399,4,4453.399444444443,car,0 days 00:01:13.312000,0 days 01:35:03.790000
4461.606944444444,147,77,False,0,9665,4,4461.606944444444,car,0 days 00:01:13.513000,0 days 01:35:03.991000
4472.206944444443,159,78,False,0,10082,4,4472.206944444443,car,0 days 00:01:13.753000,0 days 01:35:04.231000
4482.940277777777,161,37,True,0,9716,4,4482.940277777777,car,0 days 00:01:13.993000,0 days 01:35:04.471000
4494.9958333333325,155,21,True,0,9394,4,4494.9958333333325,car,0 days 00:01:14.273000,0 days 01:35:04.751000
4505.062499999999,151,23,True,0,8975,4,4505.062499999999,car,0 days 00:01:14.513000,0 days 01:35:04.991000
4514.688888888888,145,24,False,0,8790,4,4514.688888888888,car,0 days 00:01:14.752000,0 days 01:35:05.230000
4524.088888888888,141,40,False,0,8890,4,4524.088888888888,car,0 days 00:01:14.992000,0 days 01:35:05.470000
4532.017222222221,142,49,False,0,9012,4,4532.017222222221,car,0 days 00:01:15.193000,0 days 01:35:05.671000
4541.550555555555,143,56,False,0,9119,4,4541.550555555555,car,0 days 00:01:15.433000,0 days 01:35:05.911000
4551.350555555555,147,71,False,0,9438,4,4551.350555555555,car,0 days 00:01:15.673000,0 days 01:35:06.151000
4561.441666666666,152,75,False,0,9613,4,4561.441666666666,car,0 days 00:01:15.912000,0 days 01:35:06.390000
4572.174999999998,161,84,False,0,10262,4,4572.174999999998,car,0 days 00:01:16.152000,0 days 01:35:06.630000
4583.46111111111,170,88,False,0,10663,4,4583.46111111111,car,0 days 00:01:16.391000,0 days 01:35:06.869000
4593.120277777776,173,90,False,0,10882,4,4593.120277777776,car,0 days 00:01:16.592000,0 days 01:35:07.070000
4605.120277777776,180,100,False,0,11620,4,4605.120277777776,car,0 days 00:01:16.832000,0 days 01:35:07.310000
4617.920277777776,192,100,False,0,11821,4,4617.920277777776,car,0 days 00:01:17.072000,0 days 01:35:07.550000
4631.320277777776,201,100,False,0,10862,5,4631.320277777776,car,0 days 00:01:17.312000,0 days 01:35:07.790000
4642.821944444442,206,100,False,0,11268,5,4642.821944444442,car,0 days 00:01:17.513000,0 days 01:35:07.991000
4656.498055555553,206,100,False,0,11453,5,4656.498055555553,car,0 days 00:01:17.752000,0 days 01:35:08.230000
4670.964722222219,217,100,False,0,11754,5,4670.964722222219,car,0 days 00:01:17.992000,0 days 01:35:08.470000
4685.698055555552,221,100,False,0,11995,5,4685.698055555552,car,0 days 00:01:18.232000,0 days 01:35:08.710000
4700.698055555553,225,100,False,0,10735,5,4700.698055555553,car,0 days 00:01:18.472000,0 days 01:35:08.950000
4716.031388888886,230,100,False,0,10803,6,4716.031388888886,car,0 days 00:01:18.712000,0 days 01:35:09.190000
4728.98472222222,232,100,False,0,11044,6,4728.98472222222,car,0 days 00:01:18.913000,0 days 01:35:09.391000
4744.584722222219,234,100,False,0,10954,6,4744.584722222219,car,0 days 00:01:19.153000,0 days 01:35:09.631000
4760.252499999997,236,100,False,0,11104,6,4760.252499999997,car,0 days 00:01:19.392000,0 days 01:35:09.870000
4776.052499999996,237,95,False,0,11128,6,4776.052499999996,car,0 days 00:01:19.632000,0 days 01:35:10.110000
4791.852499999995,237,91,False,0,11181,6,4791.852499999995,car,0 days 00:01:19.872000,0 days 01:35:10.350000
4807.652499999996,237,81,False,0,11161,6,4807.652499999996,car,0 days 00:01:20.112000,0 days 01:35:10.590000
4820.884999999995,237,80,False,0,11150,6,4820.884999999995,car,0 days 00:01:20.313000,0 days 01:35:10.791000
4836.684999999995,237,86,False,0,11157,6,4836.684999999995,car,0 days 00:01:20.553000,0 days 01:35:11.031000
4852.418333333328,236,90,False,0,11160,6,4852.418333333328,car,0 days 00:01:20.793000,0 days 01:35:11.271000
4868.152499999995,237,100,False,0,11194,6,4868.152499999995,car,0 days 00:01:21.032000,0 days 01:35:11.510000
4884.019166666661,238,100,False,0,11191,6,4884.019166666661,car,0 days 00:01:21.272000,0 days 01:35:11.750000
4897.3074999999935,238,100,False,0,11214,6,4897.3074999999935,car,0 days 00:01:21.473000,0 days 01:35:11.951000
4913.374166666661,241,100,False,0,11312,6,4913.374166666661,car,0 days 00:01:21.713000,0 days 01:35:12.191000
4929.507499999994,242,100,False,0,11359,6,4929.507499999994,car,0 days 00:01:21.953000,0 days 01:35:12.431000
4945.640833333328,242,100,False,0,11422,6,4945.640833333328,car,0 days 00:01:22.193000,0 days 01:35:12.671000
4960.440833333328,222,1,True,0,10207,6,4960.440833333328,car,0 days 00:01:22.433000,0 days 01:35:12.911000
4973.596944444439,199,0,True,0,9077,6,4973.596944444439,car,0 days 00:01:22.671000,0 days 01:35:13.149000
4983.702777777772,181,0,True,0,9552,6,4983.702777777772,car,0 days 00:01:22.872000,0 days 01:35:13.350000
4996.224999999994,161,0,True,0,9566,5,4996.224999999994,car,0 days 00:01:23.152000,0 days 01:35:13.630000
5006.024999999994,147,0,True,0,9064,4,5006.024999999994,car,0 days 00:01:23.392000,0 days 01:35:13.870000
5015.358333333327,140,0,True,0,8326,4,5015.358333333327,car,0 days 00:01:23.632000,0 days 01:35:14.110000
5024.291666666661,134,0,True,0,8111,4,5024.291666666661,car,0 days 00:01:23.872000,0 days 01:35:14.350000
5032.891666666661,129,0,False,0,7708,4,5032.891666666661,car,0 days 00:01:24.112000,0 days 01:35:14.590000
5039.926666666661,126,4,False,0,7793,4,5039.926666666661,car,0 days 00:01:24.313000,0 days 01:35:14.791000
5048.092499999994,123,41,False,0,7880,4,5048.092499999994,car,0 days 00:01:24.552000,0 days 01:35:15.030000
5056.359166666661,124,53,False,0,7964,4,5056.359166666661,car,0 days 00:01:24.792000,0 days 01:35:15.270000
5064.825833333328,127,63,False,0,8293,4,5064.825833333328,car,0 days 00:01:25.032000,0 days 01:35:15.510000
5073.692499999995,133,69,False,0,8633,4,5073.692499999995,car,0 days 00:01:25.272000,0 days 01:35:15.750000
5083.092499999994,141,74,False,0,9040,4,5083.092499999994,car,0 days 00:01:25.512000,0 days 01:35:15.990000
5091.355833333328,148,82,False,0,9538,4,5091.355833333328,car,0 days 00:01:25.713000,0 days 01:35:16.191000
5101.422499999994,151,90,False,0,10182,4,5101.422499999994,car,0 days 00:01:25.953000,0 days 01:35:16.431000
5112.642222222216,169,94,False,0,10860,4,5112.642222222216,car,0 days 00:01:26.192000,0 days 01:35:16.670000
5124.4422222222165,177,100,False,0,11357,4,5124.4422222222165,car,0 days 00:01:26.432000,0 days 01:35:16.910000
5136.508888888884,181,100,False,0,11725,4,5136.508888888884,car,0 days 00:01:26.672000,0 days 01:35:17.150000
5147.228888888883,192,100,False,0,11576,4,5147.228888888883,car,0 days 00:01:26.873000,0 days 01:35:17.351000
5160.762222222216,203,100,False,0,11075,5,5160.762222222216,car,0 days 00:01:27.113000,0 days 01:35:17.591000
5174.695555555551,209,100,False,0,11396,5,5174.695555555551,car,0 days 00:01:27.353000,0 days 01:35:17.831000
5189.228888888883,218,100,False,0,11736,5,5189.228888888883,car,0 days 00:01:27.593000,0 days 01:35:18.071000
5204.099999999995,224,100,False,0,12183,5,5204.099999999995,car,0 days 00:01:27.832000,0 days 01:35:18.310000
